{
    "CLI_package_name": "certora-cli",
    "CLI_version": "7.26.0",
    "branch": "main",
    "certora_ci_client": null,
    "conf": {
        "files": [
            "src/GasBadStakingMining.sol:GasBadStakingMining",
            "src/StakingMining.sol:StakingMining"
        ],
        "msg": "Verification of GasBad",
        "optimistic_fallback": true,
        "optimistic_loop": true,
        "process": "emv",
        "rule_sanity": "basic",
        "solc_via_ir": true,
        "verify": "GasBadStakingMining:./certora/spec/GasBad.spec",
        "wait_for_results": "all"
    },
    "conf_path": "GasBad.conf",
    "cwd_relative": ".",
    "dirty": true,
    "group_id": null,
    "main_spec": "./certora/spec/GasBad.spec",
    "origin": "",
    "python_version": "3.9.6",
    "raw_args": [
        "/Users/xinchong/.local/bin/certoraRun",
        "./certora/conf/GasBad.conf",
        "--solc_via_ir"
    ],
    "revision": "8f4d07ccf40974f7f0e2b9838dc1d28eacf172b7",
    "timestamp": "1743578868.456292"
}